{"cameraMode":{"drawMode":0,"name":"Shaded","section":"Shading Mode"},"sceneLighting":false,"audioPlay":false,"sceneViewState":{"m_AlwaysRefresh":false,"showFog":true,"showSkybox":false,"showFlares":true,"showImageEffects":true,"showParticleSystems":true,"showVisualEffectGraphs":true,"m_FxEnabled":true},"in2DMode":false,"pivot":{"x":0.014500021934509278,"y":-0.16199994087219239,"z":-1.1339998245239258},"rotation":{"x":0.10895749181509018,"y":0.0765642523765564,"z":-0.008418259210884571,"w":0.9910700917243958},"size":2.121901035308838,"orthographic":false}